name,aa_seq
1A0N.pdb,VTLFVALYDYEARTEDDLSFHKGEKFQILNSSEGDWWEARSLTTGETGYIPSNYVAPV
1A0N.pdb_E24S,VTLFVALYDYEARTEDDLSFHKGSKFQILNSSEGDWWEARSLTTGETGYIPSNYVAPV
1A0N.pdb_F20A,VTLFVALYDYEARTEDDLSAHKGEKFQILNSSEGDWWEARSLTTGETGYIPSNYVAPV
1A0N.pdb_L7S,VTLFVASYDYEARTEDDLSFHKGEKFQILNSSEGDWWEARSLTTGETGYIPSNYVAPV
1A0N.pdb_V55A,VTLFVALYDYEARTEDDLSFHKGEKFQILNSSEGDWWEARSLTTGETGYIPSNYAAPV
1A32.pdb,SPEVQIAILTEQINNLNEHLRVHKKDHHSRRGLLKMVGKRRRLLAYLRNKDVARYREIVEKLG
1AOY.pdb,QEELVKAFKALLKEEKFSSQGEIVAALQEQGFDNINQSKVSRMLTKFGAVRTRNAKMEMVYCLPAELGV
1B7I.pdb,NQASVVANQLIPINTALTLVMMRSEVVTPVGIPAEDIPRLVSMQVNRAVPLGTTLMPDMVRGYA
1B7J.pdb,NQASVVANQLIPINTALTLAMMRSEVVTPVGIPAEDIPRLVSMQVNRAVPLGTTLMPDMVKGYA
1BK2.pdb,KELVLALYDYQEKSPREVTMKKGDILTLLNSTNKDWWKVEVNGRQGFVPAAYVKKL
1BK2.pdb_F47A,KELVLALYDYQEKSPREVTMKKGDILTLLNSTNKDWWKVEVNGRQGAVPAAYVKKL
1BK2.pdb_L5S,KELVSALYDYQEKSPREVTMKKGDILTLLNSTNKDWWKVEVNGRQGFVPAAYVKKL
1BNZ.pdb,MATVKFKYKGEEKEVDISKIKKVWRVGKMISFTYDEGGGKTGRGAVSEKDAPKELLQMLEKQ
1BNZ.pdb_Y34W,MATVKFKYKGEEKEVDISKIKKVWRVGKMISFTWDEGGGKTGRGAVSEKDAPKELLQMLEKQ
1CSQ.pdb,MLEGKVKWFNSEKGFGFIEVEGQDDVFVHFSAIQGEGFKTLEEGQAVSFEIVEGNRGPQAANVTKEA
1CSQ.pdb_F49A,MLEGKVKWFNSEKGFGFIEVEGQDDVFVHFSAIQGEGFKTLEEGQAVSAEIVEGNRGPQAANVTKEA
1CSQ.pdb_F9S,MLEGKVKWSNSEKGFGFIEVEGQDDVFVHFSAIQGEGFKTLEEGQAVSFEIVEGNRGPQAANVTKEA
1E0L.pdb,GATAVSEWTEYKTADGKTYYYNNRTLESTWEKPQELK
1E6H.pdb,DETGKELVLVLYDYQEKSPREVTIKKGDILTLLNSTNKDWWKIEVNDRQGFVPAAYLKKLD
1EKL.pdb,NQASVVANQLIPINTALTLVMMRSEVVTPVGIPAKDIPRLVSMQVNRAVPLGTTLMPDMVKGYA
1EM7.pdb,TTYKLILNGKTLKGETTTEAVDAETAERVFKEYAKKNGVDGEWTYDDATKTFTVTE
1EM7.pdb_L7A,TTYKLIANGKTLKGETTTEAVDAETAERVFKEYAKKNGVDGEWTYDDATKTFTVTE
1EM7.pdb_V54S,TTYKLILNGKTLKGETTTEAVDAETAERVFKEYAKKNGVDGEWTYDDATKTFTSTE
1ENH.pdb,AFSSEQLARLKREFNENRYLTERRRQQLSSELGLNEAQIKIWFQNKRA
1F0M.pdb,SFNTVDEWLEAIKMGQYKESFANAGFTSFDVVSQMMMEDILRVGVTLAGHQKKILNSIQVMRAQMN
1GB4.pdb,MTTFKLIINGKTLKGEITIEAVDAAEAEKIFKQYANDNGIDGEWTYDDATKTFTVTE
1GB4.pdb_A27K,MTTFKLIINGKTLKGEITIEAVDAAEKEKIFKQYANDNGIDGEWTYDDATKTFTVTE
1GB4.pdb_F53D,MTTFKLIINGKTLKGEITIEAVDAAEAEKIFKQYANDNGIDGEWTYDDATKTDTVTE
1GJS.pdb,NSLAEAKVLANRELDKYGVSDYYKNLINNAKTVEGVKALIDEILA
1GL5.pdb,SEIVVAMYDFQATEAHDLRLERGQEYIILEKNDLHWWRARDKYGSEGYIPSNYVTGKK
1GXI.pdb,ALNRGDKVRIKRTESYWYGDVGTVASVEKSGILYPVIVRFDRVNYNGFSGSASGVNTNNFAENELELVQAAA
1GYZ.pdb,WIARINAAVRAYGLNYSTFINGLKKAGIELDRKILADMAVRDPQAFEQVVNKVKEALQV
1H8K.pdb,KELVLVLYDYQEKSPREVTVKKGDILTLLNSTNKDWWKVEVDDRQGFIPAAYLKKL
1H8K.pdb_R44S,KELVLVLYDYQEKSPREVTVKKGDILTLLNSTNKDWWKVEVDDSQGFIPAAYLKKL
1H8K.pdb_W36A,KELVLVLYDYQEKSPREVTVKKGDILTLLNSTNKDAWKVEVDDRQGFIPAAYLKKL
1H92.pdb,DNLVIALHSYEPSHDGDLGFEKGEQLRILEQSGEWWKAQSLTTGQEGFIPFNFVAKA
1I2T.pdb,HRQALGERLYPRVQAMQPAFASKITGMLLELSPAQLLLLLASEDSLRARVDEAMELII
1I6C.pdb,KLPPGWEKRMSRSSGRVYYFNHITNASQWERPSGNSSSG
1IFY.pdb,SEYETMLTEIMSMGYERERVVAALRASYNNPHRAVEYLLTGIPG
1IGD.pdb,VTTYKLVINGKTLKGETTTKAVDAETAEKAFKQYANDNGVDGVWTYDDATKTFTVTE
1JIC.pdb,TVKFKYKGEEKQVDISKIKKVWRVGKMISFTYDEGGGKTGRGAVSEKDAPKELLQ
1K1V.pdb,LTDEELVTMSVRELNQHLRGLSKEEIIQLKQRRRTLKNRGY
1LP1.pdb,KFNKELSVAGREIVTLPNLNDPQKKAFIFSLWDDPSQSANLLAEAKKLNDAQAPK
1MHN.pdb,QWKVGDKCSAIWSEDGCIYPATIASIDFKRETCVVVYTGYGNREEQNLSDLLSPICE
1MJC.pdb,GKMTGIVKWFNADKGFGFITPDDGSKDVFVHFSAIQNDGYKSLDEGQKVSFTIESGAKGPAAGNVTSL
1MJC.pdb_G17A,GKMTGIVKWFNADKGFAFITPDDGSKDVFVHFSAIQNDGYKSLDEGQKVSFTIESGAKGPAAGNVTSL
1MJC.pdb_L43S,GKMTGIVKWFNADKGFGFITPDDGSKDVFVHFSAIQNDGYKSSDEGQKVSFTIESGAKGPAAGNVTSL
1MSJ.pdb,NQASVVANQLIPINVALTLVMMRSEVVTPVGIPAEDIPRLVSMQVNRAVPLGTTLMPDMVKGYA
1O6X.pdb,VGDQVLEIVPSNEEQIKNLLQLEAQEHLQLDFWKSPTTPGETAHVRVPFVNVQAVKVFLESQGIAYSIMIED
1OPS.pdb,SQSVVATQLIPMNTALTPAMMEGKVTNPIGIPFAEMSQLVGKQVNTPVAKGQTLMPNMVKTYA
1OPS.pdb_T53S,SQSVVATQLIPMNTALTPAMMEGKVTNPIGIPFAEMSQLVGKQVNTPVAKGQSLMPNMVKTYA
1OPS.pdb_V44A,SQSVVATQLIPMNTALTPAMMEGKVTNPIGIPFAEMSQLVGKQANTPVAKGQTLMPNMVKTYA
1ORC.pdb,QRITLKDYAMRFGQTKTAKDLGVYQSAINKAIHAGRKIFLTINADGSVYAEEVKDGEVKPFPS
1PGA.pdb,MTYKLILNGKTLKGETTTEAVDAATAEKVFKQYANDNGVDGEWTYDDATKTFTVTE
1PGA.pdb_L5A,MTYKAILNGKTLKGETTTEAVDAATAEKVFKQYANDNGVDGEWTYDDATKTFTVTE
1PGA.pdb_L7S,MTYKLISNGKTLKGETTTEAVDAATAEKVFKQYANDNGVDGEWTYDDATKTFTVTE
1PGA.pdb_T51A,MTYKLILNGKTLKGETTTEAVDAATAEKVFKQYANDNGVDGEWTYDDATKAFTVTE
1PGA.pdb_V39S,MTYKLILNGKTLKGETTTEAVDAATAEKVFKQYANDNGSDGEWTYDDATKTFTVTE
1PGA.pdb_pross9,MTYKLILNGKTLKGETTTEAVDAATAEKIFKQYANDNGVDGEWTYDDATKTFTVTE
1PGX.pdb,VTTYKLVINGKTLKGETTTKAVDAETAEKAFKQYANDNGVDGVWTYDDATKTFTVTEMV
1PGX.pdb_A27S,VTTYKLVINGKTLKGETTTKAVDAETSEKAFKQYANDNGVDGVWTYDDATKTFTVTEMV
1PGX.pdb_G42A,VTTYKLVINGKTLKGETTTKAVDAETAEKAFKQYANDNGVDAVWTYDDATKTFTVTEMV
1PSE.pdb,AIERGSKVKILRKESYWYGDVGTVASIDKSGIIYPVIVRFNKVNYNGFSGSAGGLNTNNFAEHELEVV
1PV0.pdb,MRKLSDELLIESYFKATEMNLNRDFIELIENEIKRRSLGHIISV
1PWT.pdb,GKELVLALYDYQEKSPREVTMKKGDILTLLNSTNKDWWKVEVNDRQGFVPAAYVKKL
1QKH.pdb,VFVDDHLLEKVLELNAKGEKRLIKTWSRRSTIVPEMVGHTIAVYNGKQHVPVYITENMVGHKLGEFAP
1QKX.pdb,KELVLALYDYQEKSPREVTMKKGDILTLLNSTNKDWWKVEVADRQGFVPAAYVKKL
1QLY.pdb,LKKVVALYDYMPMNANDLQLRKGDEYFILEESNLPWWRARDKNGQEGYIPSNYVTEAE
1QP2.pdb,MVQRGSKVRILRPESYWFQDVGTVASVDQSGIKYPVIVRFEKVNYSGINTNNFAEDELVEVEA
1R69.pdb,SISSRVKSKRIQLGLNQAELAQKVGTTQQSIEQLENGKTKRPRFLPELASALGVSVDWLLN
1S1N.pdb,TGEEYIAVGDFTAQQVGDLTFKKGEILLVIEKKPDGWWIAKDAKGNEGLVPRTYLEPYS
1S1N.pdb_F11S,TGEEYIAVGDSTAQQVGDLTFKKGEILLVIEKKPDGWWIAKDAKGNEGLVPRTYLEPYS
1S1N.pdb_V29A,TGEEYIAVGDFTAQQVGDLTFKKGEILLAIEKKPDGWWIAKDAKGNEGLVPRTYLEPYS
1SIF.pdb,LQLFIKTLTGKTFTVEMEPSDTIENLKAKIQDKEGIPPDQQRLIFAGKQLEDGRTLSDYNIQKESTLHLVL
1SIF.pdb_F13S,LQLFIKTLTGKTSTVEMEPSDTIENLKAKIQDKEGIPPDQQRLIFAGKQLEDGRTLSDYNIQKESTLHLVL
1SIF.pdb_L3A,LQAFIKTLTGKTFTVEMEPSDTIENLKAKIQDKEGIPPDQQRLIFAGKQLEDGRTLSDYNIQKESTLHLVL
1SRM.pdb,TFVALYDYESRTETDLSFKKGERLQIVNNTEGDWWLAHSLTTGQTGYIPSNYVAP
1TG0.pdb,EVPFKVVAQFPYKSDYEDDLNFEKDQEIIVTSVEDAEWYFGEYQDSNGDVIEGIFPKSFVAVQG
1TUC.pdb,GPREVTMKKGDILTLLNSTNKDWWKVEVNDRQGFVPAAYVKKLDSGTGKELVLALYDYQ
1TUD.pdb,RQGFVPAAYVKKLDSGTGKELVLALYDYQEKSPREVTMKKGDILTLLNSTNKDWWKVEVN
1UBQ.pdb,MQIFVKTLTGKTITLEVEPSDTIENVKAKIQDKEGIPPDQQRLIFAGKQLEDGRTLSDYNIQKESTLHLVLR
1UBQ.pdb_I3A,MQAFVKTLTGKTITLEVEPSDTIENVKAKIQDKEGIPPDQQRLIFAGKQLEDGRTLSDYNIQKESTLHLVLR
1UBQ.pdb_L15S,MQIFVKTLTGKTITSEVEPSDTIENVKAKIQDKEGIPPDQQRLIFAGKQLEDGRTLSDYNIQKESTLHLVLR
1UBQ.pdb_L43A,MQIFVKTLTGKTITLEVEPSDTIENVKAKIQDKEGIPPDQQRSIFAGKQLEDGRTLSDYNIQKESTLHLVLR
1UBQ.pdb_L67S,MQIFVKTLTGKTITLEVEPSDTIENVKAKIQDKEGIPPDQQRLIFAGKQLEDGRTLSDYNIQKESTSHLVLR
1UBQ.pdb_pross10,MQIFVKTLTGKTITLEVEPSDTIENVKAKIQDKEGIPPDQQRLIFNGKQLEDGRTLSDYNIQKDSTLHLVLR
1UBQ.pdb_pross7,MQIFVKTLTGKTITLEVEPSDTIENVKAKIQDKEGIPPDQQRLIFAGKQLEDGRTLSDYNIQKDSTLHLVLR
1UCS.pdb,NKASVVANQLIPINTALTLIMMKAEVVTPMGIPAEEIPKLVGMQVNRAVPLGTTLMPDMVKNYE
1UCS.pdb_M59K,NKASVVANQLIPINTALTLIMMKAEVVTPMGIPAEEIPKLVGMQVNRAVPLGTTLMPDKVKNYE
1UFM.pdb,SSGGSSILDRAVIEHNLLSASKLYNNITFEELGALLEIPAAKAEKIASQMITEGRMNGFIDQIDGIVHFETR
1URF.pdb,GIPATNLSRVAGLEKQLAIELKVKQGAENMIQTYSNGSTKDRKLLLTAQQMLQDSKTKIDIIRMQLRRALQ
1UZC.pdb,TYTWNTKEEAKQAFKELLKEKRVPSNASWEQAMKMIINDPRYSALAKLSEKKQAFNAYKVQTE
1V1C.pdb,FDIYVVTADYLPLGAEQDAITLREGQYVEVLDAAHPLRWLVRTKPTKSSPSRQGWVSPAYLDRRL
1VII.pdb,MLSDEDFKAVFGMTRSAFANLPLWKQQNLKKEKGLF
1W4E.pdb,NRRVIAMPSVRKYAREKGVDIRLVQGTGKNGRVLKEDIDAWLAG
1W4F.pdb,RVIAMPSVRKYAREKGVDIRLVQGTGKNGRVLKEDIDAWLA
1W4G.pdb,NRRVIAMPSVRKWAREKGVDIRLVQGTGKNGRVLKEDIDAFLAG
1W4H.pdb,NNDALSPAIRRLLAEHNLDASAIKGTGVGGRLTREDVEKHLAKA
1WCL.pdb,EAHAAIDTFTKYLDIDEDFATVLVEEGFSTLEELAYVPMKELLEIEGLDEPTVEALRERAKNALATIAQ
1WR7.pdb,GSPGIQSFLPPGWEMRIAPNGRPFFIDHNTKTTTWEDPRLK
1Y0M.pdb,KSAVKALFDYKAQREDELTFTKSAIIQNVEKQDGGWWRGDYGGKKQLWFPSNYVEEMI
1YG0.pdb,MKATFQVPSITCNHCVDKIEKFVGEIEGVSFIDVSVEKKSVVVEFDAPATQDLIKEALLDAGQEVV
1YP5.pdb,PMFEAAYDFPGSGSPSELPLKKGDVIYITREEPSGWSLGKLLDGSKEGWVPTAYMKP
1YU5.pdb,KLETFPLDVLVNTAAEDLPRGVDPSRKENHLSDEDFKAVFGMTRSAFANLPLWKQQNLKKEKGLF
1ZLM.pdb,VKVFRALYTFEPRTPDELYFEEGDIIYITDMSDTNWWKGTSKGRTGLIPSNYVAEQ
1ZRJ.pdb,GMDVRRLKVNELREELQRRGLDTRGLKAELAERLQAALSGPSSG
2AME.pdb,NQASVVANQLIPIQTALTLVMMRSEVVTPVGIPAEDIPRLVSMQVNRAVPLGTTLMPDMVKGYA
2AMI.pdb,GLTEEQKQEIREAFDLFDTDGSGTIDAKELKVAMRALGFEPKKEEIKKMISEIDKDGSGTIDFEEFLTMMTA
2B88.pdb,NKFNKELGWATWEIFNLPNLNGVQVKAFIDSLRDDPSQSANLLAEAKKLNDAQA
2B88.pdb_pross1,NKFNKELQWATWEIFNLPNLNEEQVKAFIDSLRDDPSQSANLLAEAKKLNDAQA
2B88.pdb_pross3,NKFNKELQWATWEILNLPNLNEEQVKAFIDSLRDDPSQSANLLAEAKKLNDAQA
2B88.pdb_pross4,NKFNKELQWATWEILNLPNLNEEQVKAFIDSLKDDPSQSANLLAEAKKLNDAQA
2B88.pdb_pross7,NKFNKEQQWATYEILNLPNLNEEQRKAFIDSLKDDPSQSANLLAEAKKLNDAQA
2B89.pdb,KFNKERVIAIGEIMRLPNLNSLQVVAFINSLRDDPSQSANLLAEAKKLNDAQAP
2BTH.pdb,NNDALSPAIRRLLAEHNLDASAIKGTGVGGRLTREDVEKWLAKA
2BTT.pdb,KDPKFEAAYDFPGSGSSSELPLKKGDIVFISRDEPSGWSLAKLLDGSKEGWVPTAYMTPYK
2CDT.pdb,ELVLALYDYQEKSPREVTMKKGDILTLLNSTNKDWWKVEVNDRQGFVPASYVKKLD
2D1U.pdb,QVNIAPGSLDKALNQYAAHSGFTLSVDASLTRGKQSNGLHGDYDVESGLQQLLDGSGLQVKPLGNNSWTLEP
2EKK.pdb,SGVNQQQLQQLMDMGFTREHAMEALLNTSTMEQATEYLLTHP
2EXD.pdb,TFELKGKVGKVVKIAEDHYLVEVEGDKWIAYSDEKLSLGDRVMVVDVDGLKLKVKRIP
2EXD.pdb_V23S,TFELKGKVGKVVKIAEDHYLVESEGDKWIAYSDEKLSLGDRVMVVDVDGLKLKVKRIP
2EXD.pdb_V54A,TFELKGKVGKVVKIAEDHYLVEVEGDKWIAYSDEKLSLGDRVMVVDVDGLKLKAKRIP
2GP8.pdb,ITGDVSAANKDAIRKQMDAAASKGDVETYRKLKAKLKGIR
2HBB.pdb,MKVIFLKDVKGKGKKGEIKNVADGYANNFLFKQGLAIEATPANLKALE
2HBB.pdb_K12M,MKVIFLKDVKGMGKKGEIKNVADGYANNFLFKQGLAIEATPANLKALE
2HBB.pdb_pross4,MKVIFLKDVKGKGKKGEIKNVADGYARNFLFKQGLAIEATPANLKALE
2HBB.pdb_pross6,MKVIFLKDVKGKGKKGEIKNVADGYARNFLFKQGLAIEATPANLKELE
2HBB.pdb_pross7,MKVIFLKDVKGKGKKGEIKNVPDGYARNFLFKKGLAIEATPANLKELE
2HBB.pdb_pross9,MKVIFLQDVKGKGKKGEIKNVPDGYARNFLFKKGLAVEATPANLKELE
2HBB_con,KVILLEDVKGLGKKGDVVEVKDGYARNFLIPQGLAVEATKGNLKEL
2J6K.pdb_pross9,VDYIVEYDYDAQHDDELTIRKGDIIKNVKKLEEEGWLEGELNGKRGMFPDNFVKEIK
2J6K_con,ERVRARYDYEAQNEDELSFKKGDIITVLEKDDGWWKGRNGKEGLFPSNYVEELE
2JN4.pdb,MKVMIRKTATGHSAYVAKKDLEELIVEMENPALWGGKVTLANGWQLELPAMAADTPLPITVEARKL
2JRO.pdb,MRVFPVYAPKLIVKHARIFLTGVIWVKDLGRLEFEKGRFLLPRKSLPKVKQAILELNELIEAQN
2JRR.pdb,QAPETKIVDKSRVACDGGEGALGHPRVWLQIPEDTGWVECPYCDCKYVLKGSKADAL
2JT1.pdb,SIVTKIISIVQERQNMDDGAPVKTRDIADAAGLSIYQVRLYLEQLHDVGVLEKVNAGKGVPGLWRLL
2JTV.pdb,MATADDFKLIRDIHSTGGRRQVFGSREQKPFEDLVDLGWLKRSSVDSRATHYQITERGTSAAL
2JVD.pdb,MISNAKIARINELAAKAKAGVITEEEKAEQQKLRQEYLK
2JWS.pdb,LNLKQAKEEAIKELVDAGIAEKYIKLIANAKTVEGVWTLKDEILTFTV
2JWT.pdb,RTAFSSEQLARLKREFNENRYLTERRRQQLSSELGLNEAQIKIWFQNKRA
2JY8.pdb,EADPRLIESLSQMLSMGFSDEGGWLTRLLQTKNYDIGAALDTIQY
2JZ2.pdb,MIFPGATVRVTNVDDTYYRFEGLVQRVSDGKAAVLFENGNWDKLVTFRLSELEAVK
2K1B.pdb,FAVESIRKKRVRKGKVEYLVKWKGWPPKYSTWEPEEHILDPRLVMAYEE
2K28.pdb,AVESIEKKRIRKGRVEYLVKWRGWSPKYNTWEPEENILDPRLLIAFQNRE
2K2A.pdb,ELREAFRLYDKEGNGYISTDVMREILAELDETLSSEDLDAMIDEIDADGSGTVDFEEFMGVMT
2K52.pdb,DVEPGKFYKGVVTRIEKYGAFINLNEQVRGLLRPRDMISLRLENLNVGDEIIVQAIDVRPEKREIDFKYIP
2K52.pdb_F21S,DVEPGKFYKGVVTRIEKYGASINLNEQVRGLLRPRDMISLRLENLNVGDEIIVQAIDVRPEKREIDFKYIP
2K52.pdb_L42A,DVEPGKFYKGVVTRIEKYGAFINLNEQVRGLLRPRDMISLRAENLNVGDEIIVQAIDVRPEKREIDFKYIP
2K5H.pdb,AVSDRLIGRKGVVMEAISPQNSGLVKVDGETWRATSGTVLDVGEEVSVKAIEGVKLVVEKLE
2K5H.pdb_G11S,AVSDRLIGRKSVVMEAISPQNSGLVKVDGETWRATSGTVLDVGEEVSVKAIEGVKLVVEKLE
2K5H.pdb_G23A,AVSDRLIGRKGVVMEAISPQNSALVKVDGETWRATSGTVLDVGEEVSVKAIEGVKLVVEKLE
2K5N.pdb,MAMNGTITTWFKDKGFGFIKDENGDNRYFHVIKVANPDLIKKDAAVTFEPTTNNKGLSAYAVKVVPL
2K5P.pdb,MNLTVNGKPSTVDGAESLNVTELLSALKVAQAEYVTVELNGEVLEREAFDATTVKDGDAVEFLY
2KCF.pdb,GSKLPPGWEKRMSRSSGRVYYFNHITNASQWERPSG
2KCM.pdb,MKGKVVSYLAAKKYGFIQGDDGESYFLHFSELLDKKDEGKLVKGSMVHFDPTPTPKGLAAKAISLPLE
2KFV.pdb,VPQRAWTVEQLRSEQLPKKDIIKFLQEHGSDSFLAEHKLLGNIKNVAKTANKDHLVTAYNHLFETKRFK
2KGT.pdb,LGPKYVGLWDFKSRTDEELSFRAGDVFHVARKEEQWWWATLLDEAGGAVAQGYVPHNYLAERE
2KR3.pdb,GKELVLALYDYQEKSPREVTMKKGDILTLLNSTNKDWWKVEVKATANDKTYERQGFVPAAYVKKL
2KRS.pdb,MQGVVKVNSALNMRSGPGSNYGVIGTLRNNDKVEIIKEVDGWYEIRFNGKVGYASKSYITIVN
2KRS.pdb_W42A,MQGVVKVNSALNMRSGPGSNYGVIGTLRNNDKVEIIKEVDGAYEIRFNGKVGYASKSYITIVN
2KRS.pdb_Y53S,MQGVVKVNSALNMRSGPGSNYGVIGTLRNNDKVEIIKEVDGWYEIRFNGKVGSASKSYITIVN
2KRU.pdb,ELSWTAEAEKMLGKVPFFVRKKVRKNTDNYAREIGEPVVTADVFRKAKEHLG
2KT8.pdb,AEKTGIVNVSSSLNVREGASTSSKVIGSLSGNTKVTIVGEEGAFYKIEYKGSHGYVAKEYIKDIKDE
2KT8.pdb_G54S,AEKTGIVNVSSSLNVREGASTSSKVIGSLSGNTKVTIVGEEGAFYKIEYKGSHSYVAKEYIKDIKDE
2KT8.pdb_V15A,AEKTGIVNVSSSLNAREGASTSSKVIGSLSGNTKVTIVGEEGAFYKIEYKGSHGYVAKEYIKDIKDE
2KVS.pdb,TFYNFIMGFQNDNTPFGILAEHVSEDKAFPRLEERHQVIRAYVMSNYTDHQLIETTNRAISLYMANL
2KVT.pdb,PREAYIVTIEKGKPGQTVTWYQLRADHPKPDSLISEHPTAQEAMDAKKRYED
2KWH.pdb,ETQAGIKEEIRRQEFLLNSLHRDLQGGIKDLSKEERLWEVQRILTALKRKLR
2KXD.pdb,GAPPLPPYSAGGREVTMKKGDILTLLNSTNKDWWKVEVNDRQGFVPAAYVKKLDSGTGKELVLALYDYQEK
2KYB.pdb,TGIVNVSSSLNVRSSASTSSKVIGSLSGNTKVTIVGEEGAFYKIEYKGSHGYVAKEYI
2KYB.pdb_G2S,TSIVNVSSSLNVRSSASTSSKVIGSLSGNTKVTIVGEEGAFYKIEYKGSHGYVAKEYI
2KYB.pdb_K55A,TGIVNVSSSLNVRSSASTSSKVIGSLSGNTKVTIVGEEGAFYKIEYKGSHGYVAAEYI
2KZI.pdb,NKFNKEMRNAYWEIALLPNLNNQQKRAFIRSLYDDPSQSANLLAEAKKLNDAQA
2KZI.pdb_pross1,NKFNKEMRNAYWEILLLPNLNEQQKRAFIRSLYDDPSQSANLLAEAKKLNDAQA
2KZI.pdb_pross2,NKFNKEMRNAYWEILHLPNLNEEQKNAFIQSLYDDPSQSANLLAEAKKLNDAQA
2KZJ.pdb,KEMRNAYWEIALLPNLNNQQKRAFIRSLYDDPSQSANLLAEAKKLNDAQA
2L09.pdb,NLRWTSEAKTKLKNIPFFARSQAKARIEQLARQAEQDIVTPELVEQARLEFG
2L2P.pdb,TLFEALYDYEARTEDDLSFHKGEKFQILNSSEGDWWEVRSLTTGETGYIPSPYLA
2L6Q.pdb,VRQEELAAARAALHDLMTGKRVATVQKDGRRVEFTATSVSDLKKYIAELEVQTGM
2L7F.pdb,HFTSQQLQELEATFQRNRYPDMSTREEIAVWTNLTEARVRVWFKNRRAKWR
2L7M.pdb,THFTSQQLQELEATFQRNHYPDMSTREEIAVWTNLTEARVRVWFKNRRAKWR
2L8D.pdb,MGMPNRKYADGEVVMGRWPGSVLYYEVQVTSYDDASHLYTVKYKDGTELALKESDIRLQS
2L9R.pdb,HSHMSHTQVIELERKFSHQKYLSAPERAHLAKNLKLTETQVKIWFQNRRYKTKRKQLSSEL
2LC2.pdb,RGFLEKAAVKKMAKAIMADPNKADEVYKKWADKGYTLTQMSNFLKSKTAGKYDRVYNGYVIHLD
2LGW.pdb,SYYEILDVPRSASADDIKKAYRRKALQWHPDKNPDNKEFAEKKFKEVAEAYEVLSDKHKREIYDR
2LHR.pdb,YNLQKLLAPYHKAKTLERQVYELEKLQEKLPEKYKAEYKKKLDQTRVELADQVKS
2LJ3.pdb,ETGKELVLALYDYQEKSPREVTMKKGDILTLLNSTNKDWWKVEVNDRQGFVPAAYVKKL
2LLV.pdb,PDLGLTQLFADPNLIENLKKNPKTSEMMKDPQLVAKLIGYKQNPQAIGQDLFTDPRLMTIMATLMGVDL
2LO1.pdb,TTYYDVLGVKPNATQEELKKAYRKLALKYHPDKNPNEGEKFKQISQAYEVLSDAKKRELYDKGGE
2LP5.pdb,TLFEALYDYEARTEDDLSFHKGEKFQILNSSEGDWWEVRSLTTGETGYIPSPYLAPV
2LQK.pdb,KEFRPGDKVVLPPYGVGVVAGIAQRSVSGVSRAYYQVDFPGSRSKAYVPVEAPHSVGLRKAL
2LSS.pdb,ATNIVGKVKWYNSTKNFGFIEQDNGGKDVFVHKSAVDAAGLHSLEEGQDVIFDLEEKQGKAYAVNLRIK
2LSS.pdb_F17A,ATNIVGKVKWYNSTKNAGFIEQDNGGKDVFVHKSAVDAAGLHSLEEGQDVIFDLEEKQGKAYAVNLRIK
2LSS.pdb_G6S,ATNIVSKVKWYNSTKNFGFIEQDNGGKDVFVHKSAVDAAGLHSLEEGQDVIFDLEEKQGKAYAVNLRIK
2LT1.pdb,MPEGSASLQLAVGDRVVYPNQGVCRVSAIDVKEVAGQKLTFVTMRREEDGAVVMVPEGKVLAIGVRKVASAE
2LUM.pdb,MQYKLVINGKTLKGETTTKAVDAETAEKAFKQYANDNGVDGVWTYDDATKTFTVTE
2LVN.pdb,QLNAMAHQIQEMFPQVPYHLVLQDLQLTRSVEITTDNILEGRIQVP
2LX2.pdb,NQESVVAAVLIPINTALTVGMMTTRVVSPTGIPAEDIPRLISMQVNQVVPMGTTLMPDMVKGYAP
2LX2.pdb_I32A,NQESVVAAVLIPINTALTVGMMTTRVVSPTGAPAEDIPRLISMQVNQVVPMGTTLMPDMVKGYAP
2LX3.pdb,NQESVVAAQLIPINTALTLVMMTTRVVSPTGIPAEDIPRLISMQVNQVVPMGTTLMPDMVKGYA
2LXK.pdb,MEQGTVKWFNAEKGFGFIERENGDDVFVHFSAIQGDGFKSLDEGQAVTFDVEEGQRGPQAANVQKA
2LXK.pdb_F15S,MEQGTVKWFNAEKGSGFIERENGDDVFVHFSAIQGDGFKSLDEGQAVTFDVEEGQRGPQAANVQKA
2LXK.pdb_G4A,MEQATVKWFNAEKGFGFIERENGDDVFVHFSAIQGDGFKSLDEGQAVTFDVEEGQRGPQAANVQKA
2LYP.pdb,MIINNLKLIREKKKISQSELAALLEVSRQTINGIEKNKYNPSLQLALKIAYYLNTPLEDIFQWQ
2LYP.pdb_P41A,MIINNLKLIREKKKISQSELAALLEVSRQTINGIEKNKYNASLQLALKIAYYLNTPLEDIFQWQ
2LYP.pdb_V26S,MIINNLKLIREKKKISQSELAALLESSRQTINGIEKNKYNPSLQLALKIAYYLNTPLEDIFQWQ
2LYQ.pdb,IINNLKLIREKKKISQSELAALLEVSRQTINGIEKNKYNPSLQLALKIAYYLNTPLEDIFQW
2LYR.pdb,MIINNLKLIREKKKISQSELAALLEVSRQTINGIEKNKYNPSLQLALKIAYYLNTPLEDIFQ
2M0C.pdb,TFTSYQLEELEKVFQKTHYPDVYAREQLAMRTDLTEARVQVWFQNRRA
2M0X.pdb,MQIFVKGLTGKTTTLEVEPSDTIENVKAKIQDKTGLPPDQQRLIFAGKQLEDGRTLSDYNIQKESTLHIVWR
2M0Y.pdb,WVPTKREEKYGVAFYNYDARGADELSLQIGDTVHILETYEGWYRGYTLRKKSKKGIFPASYIHLKE
2M2J.pdb,HAATELTPEQAAALKPYDRIVITGRFNAIGDAVSAVSRRADEEGAASFYVVDTSEFGNSGNWRVVADVYKA
2M2L.pdb,TFEVERIVRKKIVHGNTSYLVKWKNYSSKDNTWETEDDIRTKYGDLVDDFEK
2M51.pdb,RRRVRAILPYTKVPDTDEISFLKGDMFIVHNELEDGWMWVTNLRTDEQGLIVEDLVEEVG
2M7O.pdb,MKTQEELTEIVRDHFSDMGEIATLYVQVYESSLESLVGGVIFEDGRHYTFVYENEDLVYE
2M7O.pdb_I21A,MKTQEELTEIVRDHFSDMGEAATLYVQVYESSLESLVGGVIFEDGRHYTFVYENEDLVYE
2M8E.pdb,DLRKKIVDLHKSGSSLGAISKRLKVPRSSVQTIVRKYK
2M8I.pdb,GLEHMADEEKLPPGWEKRMSRSSGRVYYFNHITNASQWERPSG
2M8J.pdb,GLEHMADEEKLPPGWEKRMERSSGRVYYFNHITNASQWERPSG
2M8U.pdb,TKAQVIEAFKVFDRDGNGYVTVDYLRKVLNELGDMMPADEIEEMIYEADPQNSGYVQYETFVGMLFL
2M9F.pdb,KLPPGWEKRMFANGTVYYFNHITNASQFERPSG
2M9I.pdb,KLPPGWEKRMFRSNGTVYYFNHITNASQFERPSG
2MA4.pdb,AEIMKKTDFDKVASEYTKIGTISTTGEMSPLDAREDLIKKADEKGADVVVLTSGQTENKIHGTADIYKKK
2MC5.pdb,EFTQISGYVNAFGSQRGSVLTVKVENDEGWTLVEEDFDRADYGSDPEFVAEVSSYLKRNGGIKDLTKVL
2MCD.pdb,LAALHAEGPLAGLPVTRSDARVLIFNEWEERKKSEPWLRLDMSDKAIFRRYPHLR
2MCH.pdb,HHHHHGSGALAALHAEGPLAGLPVTRSDARVLIFNEWEERKKSDPWLRLDMSDKAIFRRYPHLR
2MCK.pdb,HHGSGALAALHADGPHAGLPVTRSDARVLIFNDWEERKRSEPWLRLDMSDKAIFRRYPHLR
2MI6.pdb,DYEVGESVTVMDGPFATLPATISEVNAEQQKLKVLVSIFGRETPVELTFGQVSKI
2MKX.pdb,TYYTVKSGDTLNKIAAQYGVSVANLRSWNGISGDLIFVGQKLIVKKG
2MKX.pdb_L11A,TYYTVKSGDTANKIAAQYGVSVANLRSWNGISGDLIFVGQKLIVKKG
2MKX.pdb_N29S,TYYTVKSGDTLNKIAAQYGVSVANLRSWSGISGDLIFVGQKLIVKKG
2MKY.pdb,KDKDLLKGLDQEQANEVIAVLQMHNIEANKIDSGKLGYSITVAEPDFTAAVYWIK
2MLB.pdb_L43D,DTINITLPDGKTLTLTVTPEFTVKELAEEIARRLGLSPEDIKDTHNGKTLDPSLTLAEYGITPGSTITLEIK
2MPK.pdb,TIDDAFRAIERAIQAENEGRYREALKHFLDGGEMIVTAAEKEASQKVRNLLLHKGKEVLEWAEHLAEWILE
2MRL.pdb,DRIFMTRTEALEFLLKAHQTAVDKIGHPSHKQTPADHAAIEALDRLLLDVRARRVDQFQINASAAQIIVTD
2MSJ.pdb,NQASVVANQLIPINTALTLVMMRSEVVTPVGIPAEDIPRLVSMQVSRAVPLGTTLMPDMVKGYA
2MW9.pdb,GATAVSEWTERKTADGKTYYYNNRTLESTWEKPQELK
2MWA.pdb,GATAVSEWTEYKTADGKTLYYNNRTLESTWEKPQELK
2MWB.pdb,GATAVSEWTEYKTADGKTYYYNNRTLESTFEKPQELK
2MXD.pdb,ALRDDEYDEWQDIIRDWRKEMTVQQFLDLKERALSGASDPDSQRYNAWLELRA
2MYX.pdb,GGHPVTTQMVETVQNLAPNLHPEQIRYSLENTGSVEETVERYLRGDEFSFPP
2N4R.pdb,GATAVSEWTEYKTADGKTYYYNNRTDESTWEKPQELK
2N4S.pdb,GATAVSEWTEYKTADGKTYYYNNRTEESTWEKPQELK
2N4T.pdb,VSEWTEYKTADGKTYYYNNRTWESTWEKPQ
2N7Y.pdb,QVATSTVRILGMTCQSCVKSIEDRISNLKGIISMKVSLEQGSATVKYVPSVVCLQQVCHQIGDMGFEASIAE
2N88.pdb,AVAESVIGKRVGDDGKTIEYLVKWTDMSDATWEPQDNVDSTLVLLYQQ
2N9L.pdb,MGTYKLILNGKTLKGETTTEAVDAATAEKVFKQYANDNGVDGEWTYDDATKTFTVTE
2O2W.pdb,GIDPFTGEAIAKFNFNGDTQVEMSFRKGERITLLRQVDENWYEGRIPGTSRQGIFPITYVDVIKRPL
2OCH.pdb,TGYYDVLGVKPDASDNELKKAYRKMALKFHPDKNPDGAEQFKQISQAYEVLSDEKKRQIYDQ
2ON8.pdb,MQFKLIINGKTLKGEITLEAVDAAEAEKKFKQYANDNGIDGEWTYDDATKTFTVTE
2ONQ.pdb,MQFKLIINGKTLKGEITIEAVDAAEAEKFFKQYANDNGIDGEWTYDDATKTFTVTE
2OP7.pdb,NEEPLPEGWEIRYTREGVRYFVDHNTRTTTFKDPRNGKS
2PDD.pdb,VIAMPSVRKYAREKGVDIRLVQGTGKNGRVLKEDIDAFLAGGA
2PFU.pdb,PVYLSVKADNSMFIGNDPVTDETMITALNALTEGKKDTTIFFRADKTVDYETLMKVMDTLHQAGYLKIGLVG
2PTL.pdb,EVTIKANLIFANGSTQTAEFKGTFEKATSEAYAYADTLKKDNGEYTVDVADKGYTLNIKFAG
2PTL.pdb_I58A,EVTIKANLIFANGSTQTAEFKGTFEKATSEAYAYADTLKKDNGEYTVDVADKGYTLNAKFAG
2PTL.pdb_L38S,EVTIKANLIFANGSTQTAEFKGTFEKATSEAYAYADTSKKDNGEYTVDVADKGYTLNIKFAG
2QFF.pdb,QNEKLANELKSLLDELNVNELATGSLNTYYKRTIKISGQKAMYALKSKDFKKMSEAKYQLQKIYNEIDEA
2RJV.pdb,LETFPLDVLVNTAAEDLPRGVDPSRKENYLSDEDFKAVFGMTRSAFANLPLWKQQNLKKEKGLF
2ROT.pdb,MDETGKELVLALYDYQEKSPREVTMKKGDILTLLNSTNKDWWKVEVKITVNGKTYERQGFVPAAYVKKL
2ROT.pdb_F60A,MDETGKELVLALYDYQEKSPREVTMKKGDILTLLNSTNKDWWKVEVKITVNGKTYERQGAVPAAYVKKL
2ROT.pdb_W41S,MDETGKELVLALYDYQEKSPREVTMKKGDILTLLNSTNKDSWKVEVKITVNGKTYERQGFVPAAYVKKL
2RRT.pdb,SEEEIREAFRVFDKDGNGYISAADLRHVMTNLGEKLTDEEVDEMIREADIDGDGQVNYEDFVQMMTA
2RRU.pdb,RLIESLSQMLSMGFSDEGGWLTRLLQTKNYDIGAALDTIQ
2RU9.pdb,KEPPYVSSLRIEIPADIAANEALKVRLLETEGVKEVLIAEEEHSAYVKIDSKVTNRFEVEQAIRQALE
2WNM.pdb,SLSVDNKKFWATVESSEHSFEVPIYAETLDEALELAEWQYVPAGFEVTRVRPCVAP
2WQG.pdb,SADYSSLTVVQLKDLLTKRNLSVGGLKNEWVQRLIKDDEES
2WXC.pdb,NNDALSPAIRRLLAEWNLDASAIKGTGVGGRLTREDVEKHLAKA
2YSB.pdb,GEDLPLPPGWSVDWTMRGRKYYIDHNTNTTHWSHPLESGPSSG
2YSC.pdb,GLPPGWRKIHDAAGTYYWHVPSGSTQWQRPTW
2YSF.pdb,GLPEGWEMRFTVDGIPYFVDHNRRTTTYIDPRTG
2YSH.pdb,GSSGLPPGWQSYLSPQGRRYYVNTTTNETTWERPSSS
2ZW1.pdb_V55S,MDTYKLILNGKTLKGETTTEAVDAATAEKVFKHYANEHGVHGHWTYDPETKTFTSTE
2ZW1.pdb_Y34A,MDTYKLILNGKTLKGETTTEAVDAATAEKVFKHAANEHGVHGHWTYDPETKTFTVTE
3AME.pdb,NQASVVANTLIPINTALTLVMMRSEVVTPVGIPAEDIPRLVSMTVNRAVPLGTTLMPDMVKGYA
3CQT.pdb,TLFEALYDYEARTEDDLSFHKGEKFQILNSSEGDWWEARSLTTGETGYIPSIYLAPV
3DKM.pdb,NLYFQGLKYMVPGARVTRGLDWKWRDQDGSPQGEGTVTGELHNGWIDVTWDAGGSNSYRMGAEGKFDLKLAP
3I35.pdb,KRYRAVYDYSAADEDEVSFQDGDTIVNVQQIDDGWMYGTVERTGDTGMLPANYVEAI
3L1X.pdb,DAPDEFRDPLMDTLMTDPVRLPSGTIMDRSIILRHLLNSPTDPFNRQTLTESMLEPVPELKEQIQAWMR
3MYC.pdb,ETFPLDVLVNTAAEDLPRGVDPSRKENFLSDEDFKAVFGMTRSAFANLPLWKQQNLKKEKGLF
3NGP.pdb,KELVLVLYDYQEKSPRELTVKKGDILTLLNSTNKDWWKIEVNGRQGFVPAAYLKKL
3QF6.pdb,NQASVVANQLIPINTALTLVMMRSEVVTPVGIPADDIPRLVSMQVNRAVPLGTTLMPDMVKGYP
3V1A.pdb,GSPLAQQIKNIHSFIHQAKAAGRMDEVRTLQENLHQLMHEYFQQ
3ZGK.pdb,GPGLTDLFKTEKAAVKKMAKAIMADPSKADDVYQKWADKGYTLTQLSDFLKSKTRGKYDRVYNGYMTYR
3ZOB.pdb,GPMASDKRPRTAFTAEQLQRLKAEFQTNRYLTEQRRQSLAQELGLNESQIKIWFQNKRAK
4AME.pdb,NQASVVANQLIPINTALALVMMRSEVVTPVGIPAEDIPRLVSMQVNRAVPLGTTLMPDMVKGYA
4C26.pdb,SELMNSSKLIRMLEEDGWRLVRVTGSAHHFKHPKKPGLVTVPHPKKDLPIGTVKSIQKSAGL
4G3O.pdb,YFQGQLNAMAHQIQEMFPQVPYHLVLQDLQLTRSVEITTDNILEGRI
4HCK.pdb,DIIVVALYDYEAIHHEDLSFQKGDQMVVLEESGEWWKARSLATRKEGYIPSNYVARVDS
4L5E.pdb,SIKEIEKEEIIKVLKEVNFNKKLASEILGIPLRTLYKRLKEYGI
4UR4.pdb,NQASVVANQLIPINTALTLVMMRAEVVTPMGIPAVDIPRLVSMQVNRAVPLGTTLMPDMVKGYA
4UZW.pdb,SADYSSLTVVQLKDLLTKRNLSVGGLKNELVQRLIKDDEESKGE
5AHT.pdb,GSMEQGFLPKGWEVRHAPNGRPFFIDHNTKTTTWEDPRLKIPA
5ECA.pdb,HMTFVALYDYVASGETDLSFKKGERLQIVNNTEGDWWLAHSLTTGRTGYIPSNYVAPSD
5ECA.pdb_P51S,HMTFVALYDYVASGETDLSFKKGERLQIVNNTEGDWWLAHSLTTGRTGYISSNYVAPSD
5ECA.pdb_W37A,HMTFVALYDYVASGETDLSFKKGERLQIVNNTEGDWALAHSLTTGRTGYIPSNYVAPSD
5FW9.pdb,KYLVLALYDYQEKSPREVTMKKGDILTLLNSTNKDWWKVEVNGRQGFVPAAYVKYL
5FWB.pdb,DETGKFLVLALYDYQEKSPREVTMKKGDILTLLNSTNKDWWKVEVNGRQGFVPAAYVKFL
5FWB.pdb_A10S,DETGKFLVLSLYDYQEKSPREVTMKKGDILTLLNSTNKDWWKVEVNGRQGFVPAAYVKFL
5FWB.pdb_M24A,DETGKFLVLALYDYQEKSPREVTAKKGDILTLLNSTNKDWWKVEVNGRQGFVPAAYVKFL
5GU9.pdb,ENVVSAPMPGKVLRVLVRVGDRVRVGQGLLVLEAMKMENEIPSPRDGVVKRILVKEGEIVDTGQPLIELG
5GU9.pdb_L66K,ENVVSAPMPGKVLRVLVRVGDRVRVGQGLLVLEAMKMENEIPSPRDGVVKRILVKEGEIVDTGQPKIELG
5GU9.pdb_V60D,ENVVSAPMPGKVLRVLVRVGDRVRVGQGLLVLEAMKMENEIPSPRDGVVKRILVKEGEIDDTGQPLIELG
5JRT.pdb,FSITQFVRNLGLEHLMDIFEREQITLRVLVEMGHKELKEIGINAYGHREKLIKGVERLI
5KPH.pdb,EEKRQVKQVAKEKLLEQSPNSKVQVRRVQKQGNTIRVELELRTNGKKENYTVEVERQGNTWTVKRITRT
5LXJ.pdb,SRSVIRSIIKSSKLNIDHKDYLLDLLNDVKGSKDLKEFHKMLTAILA
5UB0.pdb,MTFKLIINGKTLKGETTTEAVDAATAEKVLKQYANDNGIDGEWTYDDATKTFTVTE
5UBS.pdb,MTFKLIINGKTLKGETTTEAVDAATAEKVFKQYFNDNGIDGEWTYDDATKTFTITE
5UCE.pdb,MTFKAIINGKTLKGETTTEAVDAATAEKVFKQYFNDNGLDGEWTYDDATKTFTVTE
5UOI.pdb,KWEEIAERLREEFNINPEEAREAVEKAGGNEEEARRIVKK
5UP5.pdb,QTQEFDNEEEARKAEKELRKENRRVTVTQENGRWRVTWD
5UYO.pdb,DVEEQIRRLEEVLKKNQPVTWNGTTYTDPNEIKKVIEELRK
5VNT.pdb,PAHPYDRLKTTSTDPVSDIDVTRREAYLSSEEFKEKFGMTKEAFYKLPKWKQNKFKMAVQLF
5XR0.pdb_T53S,GESVVATQLIPINTALTPTMMEGKVTNPSGIPFAEMSQIVGKQVNTPVAKGQSLMPGMVKTYV
5Z2S.pdb,AVTGSQTALLLRAFEKDRFPGIAAREELARETGLPESRIQIWFQNRR
5ZD0.pdb,MQIFVKTATGKTITLEVEPSDTIENVKAKIQDKEGIPPDQQRLAFAGKQLEDGRTLSDYNIQKESTLHLALR
6ACV.pdb,VSVELPAPSSWKKLFYPNKVGSVKKTEVVFVAPTGEEISNRKQLEQYLKSHPGNPAIAEFDWTTSG
6AME.pdb,NQASVVANQLIPINTALTLVAMRSEVVTPVGIPAEDIPRLVSMQVNRAVPLGTTLMPDMVKGYA
6EWS.pdb,KNAAQIVDEALNQGITLFVADNRLQYETSRDNIPEELLNEWKYYRQDLIDFLQQLD
6EWT.pdb,KNAAKIVNEALNQGITLFVSDNKLKYKTNRDSIPSELLEEWKQHKQELIDFLTQLES
6EWU.pdb,IDAAQIVDEALEQGITLFVVNNRLQYETSRDSIPTELLNKWKQHKQELIDFLNQLD
6FVC.pdb,EQLARLKREFNENRYLTERRRQQLSSELGLNEAQIKIWFQNERA
6HQ1.pdb,KYSDMIVAAIQAEKNRAGSSRQSIQKYIKSHYKVGENADSQIKLSIKRLVTTGVLKQTKGVGASGSFRLA
6IPY.pdb,VTLFVALYDYEAITEDDLSFHKGEKFQILNSSEGDWWEARSLTTGETGYIPSNYVAPVD
6IWS.pdb,EDYYQILGVPRNASQKEIKKAYYQLAKKYHPDTNKDDPKAKEKFSQLAEAYEVLSDEVKRKQYDA
6M3N.pdb,TFTSIVTTNPDFGGFEFYVEAGQQFDDSAYEEAYGVSVPSAVVEEMNAKAAQLKDGEWLNVSHE
6MSI.pdb,AQASVVANQLIPINTRLTLVMMRSEVVTPVGIPAEDIPALVSMQVNRAVPLGTTLMPDMVKGYA
6NJF.pdb,MTFKLIINGKTLKGETTTEAVDAATAEKVFKQYANDNGLDGEWTYDDATKTFTITE
6NMW.pdb,QGDIVVALYPYDGIHPDDLSFKKGEKMKVLEEHGEWWKAKSLLTKKEGFIPSNYVAKLN
6NS8.pdb_L8K,GSVVKEKKEKALIEVRPYVEYYNELKALVSKISSSVNDLEEAIVVLREEEKKASEPFKTDIRILLDFLES
6OBK.pdb,NKEHILAQKEVLTPIEYEHYVKHLFDIGEITKELYIELSS
6RO9.pdb,KVLVLALYDYQEKSPREVTMKKGDILTLLNSTNKDWWKVEVNGRQGFVPAAYVKVL
6SCW.pdb,MDETGKELVLALYDYQEKSPREVTMKKGDILTLLNSTNKDWWKVEVNDRQGFVPAAYVKKL
6SOW.pdb,KEQQNAFYEILHLPNLTEEQRNGFIQSLKDDPSVSKEILAEAKKLNDAQA
6YSE.pdb,HERALMVNRLQKLTRMLRVHPDPKWKQEQQELIKRLK
7BPM.pdb,GTEIELESKNGQREHYTATSEDEARKIIEKAVRRGIKRIELRGASEQLIRDMQEIAKQIGLQYRTDGSL
7JJK.pdb,RPMNAFMVWARIHRPALAKANPAANNAEISVQLGLEWNKLSEEQKKPYYDEAQKIKE
7MSI.pdb,AQASVVANQLIPINTYLTLVMMRSEVVTPVGIPAEDIPRLVSMQVNRAVPLGTTLMPDMVKGYA
8AME.pdb,NQASVVANQLIPISTHLTLVMMRSEVVTPVGIPAEDIPRLVSMQVNRAVPLGTTLMPDMVKGYA
8MSI.pdb,NQASVVANQLIPISTALTLVMMRSEVVTPVGIPAEDIPRLVSMTVNRAVPLGTTLMPDMVKGYA
9AME.pdb,NQASVVANQLIPINTALTLVMMRSEVVTPVGIPAEDIPRLVGMQVNRAVPLGTTLMPDMVKGYA
EA|run2_0290_0001.pdb,LELTLRVGDKTWHFKDVDEEFVRHLEELLKRGAHEREIEEIIREWLR
EA|run2_0325_0005.pdb,DEVTIHLGDKTIRVDGLDKELLEILKELARRGADEEELRKEIERWER
EA|run2_0779_0006.pdb,SDIKVHVGDITVELHNVSEEFARLVEEALRLGLNEEQAKEWAHKALH
EA|run3_0321_0005.pdb,HDVTIHAGDKTIHVHGASEEFLRIIEQAKRDGIHEEELLRLIEELVK
EA|run3_0525_0006.pdb,SHFELRVGTITLHFDNISEELAEELEKLAKNGVHADEIRRWWEEWLK
EA|run3_1140_0005.pdb,FHVTIHVGDITFHIHGVSEEEVKKLEELVRRGADWREIKKTIEEIEK
EA|run5_0050_0004.pdb,TEVDLHLGDITIKLKDVSEEIVKRAKELFKNGWSAEFVKKWIEEAVK
EA|run5_1055_0002.pdb,TTFEIRVGDLRITLHNADEEEIRWAEEALRRGIHADEILRTLEERRR
EA|run6_1429_0006.pdb,STVKVRLGHLEVTLHNVSEEDVRELRELWKNGADEEDLRRWLEEWKK
EA|run7_1572_0002.pdb,DRHTIHIGDITIHLEGFSEEELKLAEELIKRGIHLEEVKRILEELYR
EEHEE_rd2_0770.pdb,TTLTVNTQTYTFTSEEEAREFARRYGAKTIRKTNGTWEVHG
EEHEE_rd3_0019.pdb,GQVHVGDTTYHFPNPEEARKFAEKAAKENNLQVTQHGNTFKVE
EEHEE_rd3_0094.pdb,SQVHIGNTTFTFDNPEKAQKYAEKYAKKKGLTVQKNGDVWTVE
EEHEE_rd3_0144.pdb,TKVFYNGTYVEFNNPEKAKKYAEKVAKKVGGTFTEKNGQFHVE
EEHEE_rd3_0146.pdb,QTVVIGDTTYHLNNPEAAQQIAKELAKKYGLKVVISGNTIKLK
EEHEE_rd3_0602.pdb,TTIEWNGTKITVDNPQKAKELAKKIAKKLGLTVKVHGNTITIE
EEHEE_rd3_0657.pdb,GQVNVNNTTYTFPTPKLAKEFAQKAAKKYNLTVHVSGNTVTVK
EEHEE_rd3_1049.pdb,TTVKLGDIKVTFDNPEKAKKYAQKLAKIYQLTVHVHGDTIHVK
EEHEE_rd3_1058.pdb,GTVKVQGITIKVPNPDKAYKIAKKLAKKYNLTVTRKGNTIKVE
EEHEE_rd3_1367.pdb,TFVEFNGKKVEYPTPEAAEKAAKKLAKKLNLKVTKKNGNYKLE
EEHEE_rd3_1498.pdb,GTLHLNGVTVKVPSLEKAIKAAKKFAKKYNLEVQVHGNTVHVH
EEHEE_rd3_1558.pdb,HYVEVNGKKIQATSAEEAEKIAKKFAKIYNATVLDLGNYYKVT
EEHEE_rd3_1587.pdb,QTIHNGDQTYHYDNPEEAIKVAQKLAKIYNLTVTVKGNTVQVH
EEHEE_rd3_1615.pdb,KQVQVGDEKYTFDTPEEARKFAEKVAKEKNLKVTEKNGNFHVE
EEHEE_rd3_1627.pdb,GTVHVGDKTYHFPTPDAAKKFAQEIAKKLNLQVTVKNGTWQVH
EEHEE_rd3_1702.pdb,TTIHVGDLTLKYDNPKKAYEIAKKLAKKYNLTVTIKNGKITVT
EEHEE_rd3_1810.pdb,TTVKVNGTKYKFDTPEEAQKFAKKAADKYNLKVVVDGDDLRVE
EEHEE_rd3_1817.pdb,TTVVVGNKKYTFDNPEAAEKFAKKVAKKLGATVHKTNGTFKVK
EEHEE_rd4_0003.pdb,KKVTINGVEIKFNNPEEAVKFALELAKRLNLRIEFHGDQIKIE
EEHEE_rd4_0077.pdb,TTVHIGNVTYHFDNPEEAVKWAKEMAEKLGLRIEIHGDTIRVE
EEHEE_rd4_0256.pdb,LTVQLGNLEWHFDNPEQALKMAEELAKRYQLKVEIDNGTLKFK
EEHEE_rd4_0323.pdb,KTVKFDGLQFDFDNPEKALKFALEVAKQKGAEVHIHGDEIKIE
EEHEE_rd4_0363.pdb,VTVDIKGMEYHFDNPEEAKKFAERMAKELGGELKVENGTLKVE
EEHEE_rd4_0371.pdb,VTVHVNRYTYHFDNPEEAEKFAREMAKRLNMTVEIHGNTLKVE
EEHEE_rd4_0399.pdb,TTVEVQGVEYRFDNPEEAEKFAKKMAKSLNLRVELHGNKWRVE
EEHEE_rd4_0418.pdb,QTVQFNGLEYHFPNPEEAEKFAKKVAKELGGEVRVKDGRWQID
EEHEE_rd4_0424.pdb,TTVHLNGVTYTFPNPEEARKFVEKLAKTLNLKVEVHNGTYHIE
EEHEE_rd4_0469.pdb,ITIHVNGVTYHFDNPEEAEKFAQKMAKTYQLKMEIHNGEFHME
EEHEE_rd4_0470.pdb,MTVRVDGVDYEFSSLEEAVRFALKMAKSKGAEVQLHNGTFHVE
EEHEE_rd4_0481.pdb,KTVHVNGVQYDFDNPEQAERFAKEMAKKAGLQIQFHGDQIKIE
EEHEE_rd4_0570.pdb,QTVHVKGVQYHFPNPEEAVKFALKVAKDLGGRVEFHGDEIHVE
EEHEE_rd4_0642.pdb,KTVEVNGVKYDFDNPEQAREMAERIAKSLGLQVRLEGDTFKIE
EEHEE_rd4_0647.pdb,MQVTWGNVTVTFSNPEEAKKYAEKVARKLGGQVELHNGQFRIK
EEHEE_rd4_0759.pdb,ATVHVKGVTYHFDNPEQAEKFAKRMAKELNGEVHVDGNTWHVD
EEHEE_rd4_0763.pdb,LTVHVGNVTYHFDNPEQAEEWAKRMAKKYQGQIHVKDGQFRIE
EEHEE_rd4_0784.pdb,KTVHVDGVEYRFNNPEEADKFVKRLVKEKNGNVEVRGDTYHVE
EEHEE_rd4_0794.pdb,TTVHVNGVTYHFPNPEEAKKFVDRVVKEAGLTVEVKGNQWDVE
EEHEE_rd4_0848.pdb,HTVDVQGVTYHFDNPEEARKFAEEMAKRLGLQVHVKDGRYKVE
EEHEE_rd4_0870.pdb,VTVHVDGVEYDFDNPEEALKFAKKVAEDKNGTYEVHGNQIRVT
EEHEE_rd4_0871.pdb,TQVHVDGVTYTFSNPEEAKKFADEMAKRKGGTWEIKDGHIHVE
EEHEE_rd4_0953.pdb,WKVTVKGVEYTFDNPEEAKKFAEELAKKKGGQIHYKDGEFQVH
EEHEE_rd4_0998.pdb,AQVHVDGVTYDFDNPEEAEKFAREMAKRKGGTVEVKNDQWHVE
EHEE_rd1_0101.pdb,TETREFDNEEEARKEAERLRRKGQDVQIRKKGNRWELRRT
EHEE_rd1_0407.pdb,SQTQRTQDENEARRIAEEWKRRGYDVEVRNRNGHWEVTWD
EHEE_rd2_0152.pdb,TETRTFTDEREARRFEQEARDNGKDVQVRESNGKFEVRVK
EHEE_rd2_0191.pdb,TTEYTFTDDEEARRAIEELKKRGLTFRYEKHGTTWRVRVD
EHEE_rd2_0196.pdb,TETRTFDSEEEAKKAQKEAEKQGRTVTITRRDDRWEVRFD
EHEE_rd2_0251.pdb,TEEYTYTDKEKADRAAKEWANRGYTVTVTQDGPTYRVRVG
EHEE_rd2_0341.pdb,TTTITTTNEEDARRIATEWKNKGYTVHVEKRGTTFRIEVR
EHEE_rd2_0372.pdb,ETEYTFDDKREADRAAKEAQNNGLRVHVTKDGNRWKVRID
EHEE_rd2_0487.pdb,TETYKYDDKREAEKAAEEFRRRGITVTVEERNGTWVLESK
EHEE_rd2_0601.pdb,TYTYKLTDEEASRRAEDEWRNRGYDVRVRNNNGTWEVEVR
EHEE_rd2_0628.pdb,TETYTFDSEDQAEEFAQRAQKKGYTVEKRKENGKFKVRVE
EHEE_rd2_0751.pdb,TETYETTDETEARKIAEELKRRGLTFRIERHGTTIRIESD
EHEE_rd2_0801.pdb,TTTLTYTDEEEARKAAEELKRRGITFTYTKRGGTWEIRIK
EHEE_rd2_0840.pdb,TEEYEYTDEQQAREAAREWREKGYTVTIEEHNGRWRVKTG
EHEE_rd2_1257.pdb,EEERTFTNEEEARKAKKEAEKRGLRVTVTKDGTTWRVRIG
EHEE_rd3_0035.pdb,TEHYTFHTEEQAQRAAKKFKKQGLPVTIHEKNGKFTLQVN
EHEE_rd3_0053.pdb,TYTFKVDNKDQAKKAAKWAKKLGLSFQIEKHGDTFKITVQ
EHEE_rd3_0067.pdb,TTQFTVHSPEQAEQWKEYAKQKGLEVHVQKKNGTWHVTIH
EHEE_rd4_0044.pdb,RYTFRTRGPEQMKRVVEWARRQNLSYRVEVHGDEYIIHAE
EHEE_rd4_0069.pdb,SLTLTVRGEEAVRRWYKWAQAHNLEVEVETHGDEYVLHIK
EHEE_rd4_0086.pdb,EIHIRTNGEEQARKVYKMLAKRNYDVKIEQHNGQWVVTAS
EHEE_rd4_0098.pdb,KWTITVQGEEAIKWAIKVAEARNLDYTVHIDGDQAHITIE
EHEE_rd4_0172.pdb,EVHFESHGEEQAMRVVKMLKKRNLTVEVKVENNKWIITAK
EHEE_rd4_0195.pdb,KITVTFNGEEKARRYYKKMQKHNLKVEIRVENNQWVVHVE
EHEE_rd4_0300.pdb,KVTYHVPNEEFARKLYKKAVDANLNVEIRVENGQFIIHIE
EHEE_rd4_0325.pdb,RLHIEVEGTELMKKLVEEAKRRNLNVRAKVENGKWIIEID
EHEE_rd4_0340.pdb,EINVTSHGEEQAKHWIELAKRMNLDVEVEIHGDKIIITIK
EHEE_rd4_0394.pdb,AITFRFEGQEKAKKFYEKLMRQNLEATIHIHGDEVHVTVH
EHEE_rd4_0463.pdb,SEHYTFDGEEQAIRFMRDMEAKNLKYELQIHNGKYIIQVD
EHEE_rd4_0726.pdb,DIEITTNGEEDAKRVIKELQKRNLEYHIEVHGNQWVIKVR
EHEE_rd4_0840.pdb,KMTIRVKGKELARRIAKEMKDRNLKVEIHEHGDEVILEIE
EHEE_rd4_0864.pdb,EETYEVDGEEQLKKVEKMLRDRNLDVEVEIHNGKFVIRAK
EHEE_rd4_0929.pdb,QLRFETNGEEQAKKVLEEAKKHNLEAHVTIENGKWVVHVK
GG|run1_1390_0006.pdb,TTLHFDLDGKKLQYTGVSEEIARLVEELKRRGVDLKEIVRILEELLK
GG|run2_0085_0001.pdb,DHWHVHIDGERIRLDGASEEFIRTLEELIRRGTDARELKEIIKEYLR
GG|run3_0396_0003.pdb,DSWHDTVDGIELELHGADEELLKLAKELLKRGVSEEEVRRIIEELLK
GG|run3_0687_0004.pdb,TDVTFHVNGRNLHLKGADEELLRRIEELIRRGADIEELEKAVKEWEK
GG|run3_0695_0006.pdb,TEIRININGVTIHVRDASEELKKLIEHLLRLGADEKEIREVLHRWEK
GG|run3_1315_0003.pdb,GHYRIRINGREFEIRGISEEEIRHLEEALRNGADEKILKEIVDRLRG
GG|run3_1365_0003.pdb,DEIHIHFNGVTIEFRGLTEEAKKALEEAIKRGASEEELKELARRLIK
GG|run4_0284_0002.pdb,DTFTFTLDGIEVRLHGASEELIKTIEELLKRDIRWEELEKWIREWEK
GG|run4_0467_0002.pdb,LTVEVTLDGRRIELHGLSEEAHEILRHALERNADDKEIKKILEELRK
GG|run5_0650_0005.pdb,DTLHVTQDGKHIELRGLSEEEIKLVEELLRRGRKVEEALKIIEELRK
GG|run5_1147_0004.pdb,LDITFHVDGKNIHVHGASEEVVRIIEELIKNNARAEEIKETLERLLR
GG|run5_1309_0004.pdb,HSLRVHINGKDFEVHNADEHVIRALEELIRRGADADELKEFLERWKG
GG|run6_0775_0006.pdb,SDYEVNVNGIHHRFHNISEELIKFIEEALRRGEDLREIIKKVRELLG
GG|run6_0851_0003.pdb,DRYEFNINGVHFTIDDAEEELIKLIEELLKRGARAEEIEEVIRRWER
GG|run6_1310_0004.pdb,DEVRLHVNGHTIEFRGIDEEIFKILEEAAKRGADEEELRRLAEKLLR
HEEH_KT_rd6_0007.pdb,SIEEEIKKAEEAKEKGKTFIHGDFVATTEELLDELLKRLRKKL
HEEH_KT_rd6_0200.pdb,DEETLERIAKELKEKGWTLIVNGKLITDAREALKWLLEEEERR
HEEH_KT_rd6_0280.pdb,SEIVKHAEEALERGEFVRIEHNGRVIEIRNEEALEELRRWVEK
HEEH_KT_rd6_0746.pdb,DEEIEKWIETLLKRNISLRVNGKDLEIGSEEFKEWVEKFIKEV
HEEH_KT_rd6_0790.pdb,SEEEEEEWRRAKERGEEIIILGILWKPNDEEAERRIKEALRRV
HEEH_KT_rd6_0793.pdb,TEEFVRLWREAVRHNQTLHWNGTDFIPGDEWAEEFARREEEKL
HEEH_KT_rd6_0872.pdb,SEEELIEKAEKLRKEFEFIWNGIRFIIRENADEIRRFEELLKE
HEEH_KT_rd6_0961.pdb,DWEDIVRFLRKLFELGEEVVIGDWHNHHREEIKRLIEWLEKHF
HEEH_KT_rd6_1415.pdb,SEEELEEFAKEVLRRGITIIVNGIRITEVEIFVKVLREILEKR
HEEH_KT_rd6_2408.pdb,SEEWVEIALRLLELGREANINGTILNLHKEEIEELIRRLLKRI
HEEH_KT_rd6_3504.pdb,SLEELLKLARHALRHGEEIHVLDRVITDEHEIKRLIEELERLI
HEEH_KT_rd6_3632.pdb,DAEELIELVERALKEGREIILLGVRITSEEAGKWFIEWIRRFL
HEEH_rd2_0750.pdb,SLEEAIRRAEEALRKGQTFEYAGIRVTTQEALEKFRKWAEKQK
HEEH_rd3_0002.pdb,SKDAAQYVYDEAQKGVTQVTVNGVTFKFDNWQKLLKYAQKLLN
HEEH_rd3_0055.pdb,TIEDAIKKLLKLAQKGQPYTFGDFTVTSEEEAKKLAKWLKKQL
HEEH_rd3_0223.pdb,TIDEIIKALEQAVKDNKPIQVGNYTVTSADEAEKLAKKLKKEY
HEEH_rd4_0094.pdb,IEEVKKIVSEIQSKQLTRITINGNTYQVNSPEELVEYVRKVFS
HEEH_rd4_0097.pdb,DVEEQIRRLEEVLKKNQPVTWNGTTYTDPNEIKKVIEELRKSM
HEEH_rd4_0349.pdb,DWREIAKLAEEALKKQQPVTVNGQTFNDPNEIKKLLETAQKAI
HHH_rd1_0033.pdb,SDEELKKRIEELVRRGNKDEARKLAENANSDEARKWWEKLEQL
HHH_rd1_0142.pdb,RKWEEIAERLREEFNINPEEAREAVEKAGGNEEEARRIVKKRL
HHH_rd1_0196.pdb,NDEAKKEAEKLWKNNKSEDEIKERLERAGISPDEAEQWLQELR
HHH_rd1_0197.pdb,PDDLEKRARELLKRGKNPDEIREYLRNAGYDQSQAEEALKRAL
HHH_rd1_0244.pdb,QEEEKEIKRLAKKFNASEEEARRAWKKAGGDPETAEKILKKKG
HHH_rd1_0335.pdb,TEDEKKIQELLKRANGDVSKAEKLAQSQGNEELARRLREYANK
HHH_rd1_0473.pdb,QKEELKEKAKEAVKRGNKDKARELLKRAGISEEEAKKIIKKIE
HHH_rd1_0493.pdb,RDEDEKEKIKEALKRGNEDKAKEIAKRANVSPEEYERLRKEAE
HHH_rd1_0516.pdb,DEDSERELEKLRKNNASKEEIKEVLKRLGFSEDEAKKLAEKAG
HHH_rd1_0578.pdb,DENEERIRAFALYKGIDPEKARELWERGEINKDDEEKAWREYK
HHH_rd1_0598.pdb,TEDARKEAKKIIDNGGSPDEAAKFIKKYGLSEDQARELVKRAL
HHH_rd1_0606.pdb,PDDEWKERLREAEEKNNWKLFEELARKAGVSEEKIEEWKRRWS
HHH_rd1_0756.pdb,PKDEAKKKVKEAIKRGDEETAKRIAKKYNLDWDDAKREADEER
HHH_rd1_0949.pdb,SEEKKKAKERLERLGASSELARELLDRANGNAEKAERLLRKLL
HHH_rd2_0090.pdb,GTEDLKEEAKKALKKGDKERAKRALKKAGLSEDQIKKFIKEVL
HHH_rd2_0155.pdb,PPDDERKKAEKAARSGNEEKAREILERLGYSEDEARELAKRLR
HHH_rd2_0158.pdb,PQEEYKKRAKKALKKGDEDTAREALKRAGLSPDQAEEFIRRFL
HHH_rd2_0160.pdb,PEDEKKAKEALKRANGDEDKAKEILRKLGVDPDRAEELLRRLR
HHH_rd2_0181.pdb,PKDQAKKEIEKALRNGDEEKAKRLAKKYGISDDDWKELKKRVS
HHH_rd3_0008.pdb,TEKQERAIEYIRRLGYSEEEARRILKKANGNPDLAKEIARRIG
HHH_rd3_0159.pdb,TEKEKEVKRLAKERGLSPDQVRELAQRAGFSPDQAKQIADEFA
HHH_rd3_0164.pdb,EPREEEAEKYIKRANGDYDKAQELAKKDGNEEIAEAIKEYKKR
HHH_rd3_0224.pdb,EPEARKIVEKLINNGLSPEDVKRWAEKNNNPEVKKAAEEYQKR
HHH_rd4_0124.pdb,TEEVEKIVRELQKRGVSQEEIQRILKRNGIDPRDVEHVVRRLR
HHH_rd4_0125.pdb,EDEVKKIVKRLIENGVDDEQIKEIVKRQGVDERIVDKVLKELK
HHH_rd4_0557.pdb,PEEVRRLVEELYRKGVSPEQVKKILKKQGIDEREIEKVLRRIG
HHH_rd4_0613.pdb,PEDLERKVRELQKNGVSPEQIEKILRRDGVDEREVQELVKKVS
HHH_rd4_0676.pdb,ADDEVAKLLVDAYRKNDEDKLEEVKKRYNISDEQVKRLIRKVL
HHH_rd4_0816.pdb,SDEEKKVRDQAKRLGVNTEQLLKWARRQGDEDLVRIVERLLRS
HHH_rd4_0849.pdb,DELEKRVKKIARKLNLSLDQVEEWLKRNNNDELVEAVKRLKKK
HHH_rd4_0870.pdb,EEEEKKKEEIARLLGVSKEDVERILKKNNLDIEQLLRRVQREN
XX|run10_1081_0004.pdb,SDFTIRIGDRTLHLKNVSEEILKILEELLRRGIDFEELRKIVEELIK
XX|run1_0254_0003.pdb,PDFTLHWNGITIHFKGIDEEQFRHLRELLDRGVSLEELEELAKELIK
XX|run1_0367_0004.pdb,DEFHFHWNGRDIRVRGDSEELRRLIEAIKRGELSEEEIERAIEILER
XX|run1_0455_0002.pdb,DHWEIRVGDITIHLKDVDEEIIRWVEEALRNGDDLEEIKRWVEEVLR
XX|run1_0461_0006.pdb,WEITFERNGKRITVRTTDHRLLELFEKLWRNGADERELERLAEEINR
XX|run3_1384_0005.pdb,LHIEINVNGLRIELHNVSEELAERIREILEKVDDREEARRLAEELIK
XX|run5_0283_0004.pdb,TELRLDINGREIKVDGADKETLKELLKLAEKNNDEKAIRIIRHLLER
XX|run5_0690_0002.pdb,SRHTFEINGERWTVEGVSEELKEILRAAERASNDEAERLLRLALKLI
XX|run5_1034_0004.pdb,HEITLHINGRRVKLRFRDEKAAEILKEAAKKGLDEEELKKLAEELWR
XX|run6_1020_0004.pdb,IDVRFTVNGLDVTVRVRTEEIAERVKELAKNGVDWREIQRIAEELNK
XX|run6_1081_0004.pdb,SKDTIRINGIDIDVKDLHEEWKRLVEEALKRGDEELAIELLERALKE
XX|run7_0974_0003.pdb,DDVELRDGDWRVELKDADEEILRAVEEAIKNGASEQELRELAERLIR
XX|run8_0733_0006.pdb,TTITITINGEELRIRGDHEEIHKILKAWEEDHNDEEIVRLIRELAER
XX|run8_1063_0003.pdb,DDWEIHFNNITIRLHGVSEEQIEELKELIKNGAHEEELRKWAEEVNR
XX|run8_1098_0003.pdb,HDTTVHINGLRIEVHGASEEILKWIEEAARRGVEAEEIKRWVEEALK
XX|run8_1203_0001.pdb,SKIRITWGDKTWEWDGDDEEVWKRILEWARNLGDEELWRHVKEWVDK
r10_1151_TrROS_Hall.pdb,MIIKINGKYYKIKKIEKNPNGKYTITTENGKKYEFKNVKIFSEEELK
r10_437_TrROS_Hall.pdb,EPELVFKVRVRTKDGRELEIEVSAEDLEKLLEALPDIEEVEIEEVEP
r10_572_TrROS_Hall.pdb,MLYVKVKTEDGEELVLEVEGMTEDEIREELAKAGFKIEEIEVYEVEP
r11_233_TrROS_Hall.pdb,KTYTFRVRIVDEETGEEKEIEVTAKSEEEAKKAAEELKKKYPNLKVELE
r11_569_TrROS_Hall.pdb,MKVTIEENEETGKFTIKVKTEDGEEKTIEIPKENLEEILAKLPPNVEII
r11_692_TrROS_Hall.pdb,KKSYVLIKVKNPKTKETHTIVVPEENLEEVLKALASQPNVKVVDIERFP
r11_797_TrROS_Hall.pdb,EKTLKIVADSEEEAEALAKELAEKYNLEVTIERNPEEEGKYVITIKIKP
r11_829_TrROS_Hall.pdb,MTYRVRIENADGEVVTIEISADELREKGLTLEELLPPNARIVEVEEVEP
r11_943_TrROS_Hall.pdb,KKYKVVEVKENKDGTVELVVENENGEKKKITLSKEELDKLKAGDTVELK
r11_951_TrROS_Hall.pdb,KKKYVIKVYFEDTGKEVEIEAESKEEALEAAKRLAEELGLKIKKVEIYP
r14_568_TrROS_Hall.pdb,MTLTLTVPPGAKVRVRITNENGETTEIEVEPGETVTITLPAGSTVRVEVEVVDPDGRKRTETFTLKP
r15_550_TrROS_Hall.pdb,EVYKVKIKIERVLPNGEKVEEEITIEVEGMSEEELLALARELAAEPGVRIKEIEIEKLPP
r18_3_TrROS_Hall.pdb,KKIKIKIKVYNPETKEVLELEIEVSEEEAEELAKKLAEELEKKGYKIEEVEI
r3_162_TrROS_Hall.pdb,MVIEDPKTNKLIEVEKLPDGTYKVTIYDKKTGEKKTITMSKKDLEKLLKAL
r3_35_TrROS_Hall.pdb,MLYRITVRNADGEKLEIVVEMSEDEVRALAEELRKAGYEVRVEPIPEGEEP
r4_412_TrROS_Hall.pdb,KKKIKIYIENENGEKKTIEIEVEGDIDEIAKELAKKYNVKIVKIEP
r6_560_TrROS_Hall.pdb,AKPPKTVTVKVEVTNADGETQTRTVTLTNLPKDLKPGDTVTLPETGQTARIVEITP
r6_831_TrROS_Hall.pdb,MVYKIRDKETGKVYEVTIDEETNEITVYDVKTGKPVKTVNMTIEELKEAGYEVEPV
r7_307_TrROS_Hall.pdb,KKYKIKVYVKDKKTKKWKKIKEIEVDTKEEALEAIKKLPPNYEVKIVP
r7_562_TrROS_Hall.pdb,MKKYKITVYDEKTGEKHTIEIEMSEEELEELAKKLAEKHNVKVRIEKV
r7_587_TrROS_Hall.pdb,PTIVLKVSPEELKALEKAGVEIEKIEKNEDGELYITLTPEALKKAGFE
v2K43S_2KVV.pdb,EEWMVEKALMVRTGLGARQIESYRQGAWIEGVHFKRVSPSGESTLRGTTWYNYPEINKFIR
v2R14S|R16S_2L3X.pdb,YKIYPYDSLIVTNSISVKLPKDVDRTRLERHLSPEEFQEVFGMSIEEFDRLALWKRNDLKKKALLF
v2R31S|R32S_2N5D.pdb,EPSQADLDALLSAVRDNRLSIEQAVTLLTPSSGGGSGGGSMDAKEILTRFKDGGLDRAAAQALLAGRTPA
v2_1OGW.pdb,QIFVKTLTGKTITLEVEPSDTIENVKAKIQDKEGIPPDQQRLIFAGKQLEDGRTLSDYNIQKESTLHLVL
v2_2HDZ.pdb,AEEIWQQSVIGDYLARFKNDRVKALKAMEMTWNNMEKKEKLMWIKKAAED
v2_2L15.pdb,MTGIVKWFNADKGFGFITPDDGSKDVFVHFSAIQNDGYKSLDEGQKVSFTIESGAKGPAAGNVTSL
v2_2LC2.pdb,VKKMAKAIMADPNKADEVYKKWADKGYTLTQMSNFLKSKTAGKYDRVYNGYVIHLD
v2_2LDM.pdb,SEFQINEQVLASWSDSRFYPAKVTAVNKDGTYTVKFYDGVVQTVKHIHVKA
v2_2LXE.pdb,VLKALERTRQLDIPDEKTMPVLMKLLEEAGGNWSYIKLDNYTALVDAIYSVED
v2_2M5A.pdb,VDNKFNKEQQNAFYEILHLPNLNEEQRNAFIQSLKDDPSQSANLLAEAKKLNDAQA
v2_4UZX.pdb,SPEEIKAKALDLLNKKLHRANKFGQDQADIDSLQRQINRVEKFGVDLNSKLAEELGLV
v2_5XK5.pdb,QIFVKTLTGKTITLEVEPSDTIENVKAKIQDKEGIPPDQQRLIFAGKQLEDGRTLSDYNIQKESTLHLVL
v2_6IVS.pdb,NRLGIIYEIQGMKAVVLTSEGEFLIIRRRKDMKVGQQVSFENEDIYNV
